constituency;gss_code;three_code;nation;region;con_type;electorate;area;density;center_lat;center_lon
Aberafan Maesteg;W07000081;AFM;Wales;Wales;county;69817;249,5081731;279,818489;51,60820598;-3,701807387
Aberdeen North;S14000060;ABN;Scotland;Scotland;borough;76895;103,5741812;742,4147518;57,18740967;-2,175601003
Aberdeen South;S14000061;ABS;Scotland;Scotland;borough;76560;102,0155705;750,4736739;57,12365351;-2,171649568
Aberdeenshire North and Moray East;S14000062;ABM;Scotland;Scotland;county;71485;1343,22612;53,21888768;57,59312222;-2,418355987
Airdrie and Shotts;S14000063;AAS;Scotland;Scotland;county;70420;238,2629757;295,5557815;55,84895088;-3,873659422
Aldershot;E14001063;AHT;England;South East;borough;76765;57,09110389;1344,605285;51,28922591;-0,780202352
Aldridge-Brownhills;E14001064;ABH;England;West Midlands;borough;73122;53,22977367;1373,704883;52,6061434;-1,927627543
Alloa and Grangemouth;S14000064;AAG;Scotland;Scotland;county;72265;184,796718;391,0513173;56,10307836;-3,778521156
Altrincham and Sale West;E14001065;ASW;England;North West;borough;73934;50,93049562;1451,664648;53,39351018;-2,365697451
Alyn and Deeside;W07000082;AAD;Wales;Wales;county;75695;206,0271779;367,4029842;53,18703016;-3,06513035
Amber Valley;E14001066;ABV;England;East Midlands;county;70625;124,8430971;565,7100923;53,03986536;-1,400091345
Angus and Perthshire Glens;S14000065;APG;Scotland;Scotland;county;77006;5531,821547;13,92055028;56,69823952;-3,587876367
Arbroath and Broughty Ferry;S14000066;ABF;Scotland;Scotland;county;76810;421,6982208;182,1444725;56,57377757;-2,725381864
Argyll, Bute and South Lochaber;S14000067;ABL;Scotland;Scotland;county;71707;9303,987459;7,707125608;56,25406824;-5,485367544
Arundel and South Downs;E14001067;ASD;England;South East;county;76974;835,6651063;92,11106151;50,95821456;-0,60165338
Ashfield;E14001068;ASF;England;East Midlands;county;69819;99,25539261;703,4277752;53,10571236;-1,265040886
Ashford;E14001069;ASH;England;South East;county;73546;226,2259673;325,0997261;51,14170691;1,019092074
Ashton-under-Lyne;E14001070;AUL;England;North West;borough;72278;29,14040329;2480,336297;53,48882453;-2,107287059
Aylesbury;E14001071;AYS;England;South East;county;75636;196,521987;384,8729658;51,84749914;-0,72078458
Ayr, Carrick and Cumnock;S14000107;ACC;Scotland;Scotland;county;72057;1635,975097;44,04529148;55,2753977;-4,578744914
Banbury;E14001072;BAN;England;South East;county;69943;512,6068126;136,445709;51,98453047;-1,427103317
Bangor Aberconwy;W07000083;BGA;Wales;Wales;county;70468;1439,763767;48,94414042;53,1354819;-3,73837701
Barking;E14001073;BKG;England;London;borough;71822;20,40954345;3519,04001;51,53530548;0,115465997
Barnsley North;E14001074;BNN;England;Yorkshire and the Humber;county;76794;75,13339833;1022,102044;53,57794552;-1,447518608
Barnsley South;E14001075;BNS;England;Yorkshire and the Humber;county;75896;75,64772627;1003,281972;53,52714157;-1,400456099
Barrow and Furness;E14001076;BRW;England;North West;county;76603;727,9716934;105,2279927;54,24877754;-3,220031614
Basildon and Billericay;E14001077;BAB;England;Eastern;borough;76993;61,87436176;1244,344148;51,60259975;0,436917051
Basingstoke;E14001078;BSK;England;South East;borough;77050;78,6102007;980,1526941;51,25024345;-1,157095771
Bassetlaw;E14001079;BSL;England;East Midlands;county;75773;398,5193604;190,1363084;53,35430659;-1,015655021
Bath;E14001080;BTH;England;South West;county;73241;73,48552143;996,6725223;51,39906347;-2,360823383
Bathgate and Linlithgow;S14000068;BAL;Scotland;Scotland;county;71650;220,9678848;324,2552647;55,93568376;-3,621112479
Battersea;E14001081;BAT;England;London;borough;71949;9,841514617;7310,764938;51,46765117;-0,158720972
Beaconsfield;E14001082;BCF;England;South East;county;72315;165,5984133;436,6889667;51,56093457;-0,621747288
Beckenham and Penge;E14001083;BAP;England;London;borough;76625;22,87050422;3350,38525;51,39987631;-0,029853413
Bedford;E14001084;BED;England;Eastern;borough;70068;29,59705788;2367,397472;52,13588045;-0,458772726
Belfast East;N05000001;BTE;Northern Ireland;Northern Ireland;borough;70076;55,54800518;1261,539452;54,59190796;-5,842548639
Belfast North;N05000002;BTN;Northern Ireland;Northern Ireland;borough;71372;54,18367476;1317,223321;54,64188816;-5,948930228
Belfast South and Mid Down;N05000003;BTS;Northern Ireland;Northern Ireland;borough;71978;118,8270589;605,737453;54,52825608;-5,899228084
Belfast West;N05000004;BTW;Northern Ireland;Northern Ireland;borough;71921;39,15737903;1836,716394;54,5804559;-6,006477446
Bermondsey and Old Southwark;E14001085;BOS;England;London;borough;70602;9,354256737;7547,579887;51,49875878;-0,069039649
Berwickshire, Roxburgh and Selkirk;S14000108;BRS;Scotland;Scotland;county;74687;3841,929858;19,43996969;55,56492081;-2,671114148
Bethnal Green and Stepney;E14001086;BGS;England;London;borough;77000;6,815573715;11297,65493;51,5211132;-0,05684158
Beverley and Holderness;E14001087;BEV;England;Yorkshire and the Humber;county;71102;762,7501582;93,21794199;53,78511468;-0,232356917
Bexhill and Battle;E14001088;BEX;England;South East;county;70869;467,9465938;151,4467697;50,94091603;0,468964432
Bexleyheath and Crayford;E14001089;BXC;England;London;borough;69948;23,18103749;3017,466325;51,4649555;0,165728734
Bicester and Woodstock;E14001090;BWS;England;South East;county;70389;448,8463952;156,8220236;51,87281886;-1,250084782
Birkenhead;E14001091;BKH;England;North West;borough;76271;35,29442021;2160,993141;53,37887443;-3,038381919
Birmingham Edgbaston;E14001092;BEB;England;West Midlands;borough;71354;29,5819504;2412,078955;52,4546062;-1,964170513
Birmingham Erdington;E14001093;BER;England;West Midlands;borough;76856;25,17304256;3053,1073;52,5269702;-1,844316815
Birmingham Hall Green and Moseley;E14001094;BHG;England;West Midlands;borough;75781;19,34721936;3916,893616;52,44108868;-1,869386466
Birmingham Hodge Hill and Solihull North;E14001095;BSN;England;West Midlands;borough;76922;24,66784391;3118,310635;52,49230783;-1,792325021
Birmingham Ladywood;E14001096;BLA;England;West Midlands;borough;76585;25,68305545;2981,927136;52,48498021;-1,888134767
Birmingham Northfield;E14001097;BNF;England;West Midlands;borough;73483;24,92329356;2948,366348;52,40760946;-1,969336738
Birmingham Perry Barr;E14001098;BPB;England;West Midlands;borough;74048;24,70720962;2997,019945;52,52157693;-1,915315995
Birmingham Selly Oak;E14001099;BSO;England;West Midlands;borough;76285;21,6651527;3521,092191;52,42374127;-1,908250772
Birmingham Yardley;E14001100;BYA;England;West Midlands;borough;71912;19,82924936;3626,561887;52,45948586;-1,81271299
Bishop Auckland;E14001101;BIA;England;North East;county;70879;1335,607989;53,0687152;54,64780499;-2,002561415
Blackburn;E14001102;BBN;England;North West;borough;70586;39,59374287;1782,756438;53,74431355;-2,497898941
Blackley and Middleton South;E14001103;BMS;England;North West;borough;71375;28,68461836;2488,267374;53,52628786;-2,212154113
Blackpool North and Fleetwood;E14001104;BPN;England;North West;borough;75396;52,13276489;1446,230603;53,89260121;-3,028331375
Blackpool South;E14001105;BPS;England;North West;borough;76071;32,41851844;2346,529195;53,80540557;-3,03422549
Blaenau Gwent and Rhymney;W07000084;BGR;Wales;Wales;county;71079;166,7221063;426,3321858;51,75527639;-3,220931328
Blaydon and Consett;E14001106;BAC;England;North East;county;70163;113,6968853;617,1057354;54,91099231;-1,786368201
Blyth and Ashington;E14001107;BAA;England;North East;county;75452;89,19502705;845,9216001;55,15238272;-1,5685563
Bognor Regis and Littlehampton;E14001108;BRL;England;South East;borough;76985;48,11042759;1600,172849;50,80613747;-0,600910018
Bolsover;E14001109;BOL;England;East Midlands;county;74680;228,3135857;327,0939825;53,20203739;-1,309606673
Bolton North East;E14001110;BLN;England;North West;borough;77020;41,10143203;1873,900645;53,59879499;-2,410917409
Bolton South and Walkden;E14001111;BLS;England;North West;borough;75716;33,48086764;2261,470665;53,54252897;-2,404039229
Bolton West;E14001112;BLW;England;North West;county;72125;77,51676406;930,4438966;53,5751969;-2,514073827
Bootle;E14001113;BTL;England;North West;borough;75194;28,12762709;2673,314736;53,4690857;-2,999965194
Boston and Skegness;E14001114;BAS;England;East Midlands;county;75806;892,265354;84,95903115;53,05662137;0,083229172
Bournemouth East;E14001115;BHE;England;South West;borough;73173;26,41148433;2770,499344;50,73788216;-1,828241459
Bournemouth West;E14001116;BHW;England;South West;borough;72094;26,56969896;2713,391677;50,74417543;-1,899191515
Bracknell;E14001117;BRK;England;South East;borough;70247;46,95994949;1495,891728;51,3809509;-0,767773234
Bradford East;E14001118;BDE;England;Yorkshire and the Humber;borough;72150;27,58758156;2615,307176;53,81430604;-1,730911859
Bradford South;E14001119;BDS;England;Yorkshire and the Humber;borough;70890;44,1279914;1606,46333;53,76538794;-1,764373739
Bradford West;E14001120;BDW;England;Yorkshire and the Humber;borough;71258;35,24454489;2021,816432;53,79986823;-1,815540722
Braintree;E14001121;BTR;England;Eastern;county;75662;516,7028302;146,4323313;51,97478651;0,534815369
Brecon, Radnor and Cwm Tawe;W07000085;BRC;Wales;Wales;county;72113;3098,2266;23,27557319;52,09508948;-3,412629868
Brent East;E14001122;BEA;England;London;borough;75880;18,23782537;4160,583757;51,5565525;-0,247624621
Brent West;E14001123;BWE;England;London;borough;76463;18,70691369;4087,419297;51,56184487;-0,296819224
Brentford and Isleworth;E14001124;BAI;England;London;borough;76354;23,08425366;3307,622639;51,47510483;-0,345157073
Brentwood and Ongar;E14001125;BAO;England;Eastern;county;74937;316,2149825;236,981181;51,67692328;0,265711063
Bridgend;W07000086;BGN;Wales;Wales;county;70770;123,8313479;571,5031063;51,52142253;-3,592452529
Bridgwater;E14001126;BWT;England;South West;county;71418;337,8973681;211,3600363;51,15209385;-3,026027958
Bridlington and The Wolds;E14001127;BRD;England;Yorkshire and the Humber;county;72501;952,5009979;76,11645569;54,00455364;-0,458294036
Brigg and Immingham;E14001128;BIM;England;Yorkshire and the Humber;county;71628;505,3004019;141,7533011;53,60191214;-0,337112305
Brighton Kemptown and Peacehaven;E14001129;BKP;England;South East;borough;69865;42,87211311;1629,6141;50,81995806;-0,060273291
Brighton Pavilion;E14001130;BPV;England;South East;borough;75722;28,88625842;2621,384843;50,8588494;-0,14011114
Bristol Central;E14001131;BSC;England;South West;borough;70227;10,93417232;6422,708361;51,46211535;-2,601353316
Bristol East;E14001132;BSE;England;South West;borough;75936;22,01826974;3448,772356;51,4427606;-2,550885485
Bristol North East;E14001133;BNE;England;South West;borough;69793;21,45744623;3252,623787;51,4770957;-2,527172497
Bristol North West;E14001134;BNW;England;South West;borough;76783;166,70632;460,5884169;51,45510461;-2,852019207
Bristol South;E14001135;BSS;England;South West;borough;74696;22,39792129;3334,952339;51,42259613;-2,600576856
Broadland and Fakenham;E14001136;BAF;England;Eastern;county;72907;720,7729176;101,1511368;52,74069504;1,192006171
Bromley and Biggin Hill;E14001137;BBH;England;London;borough;70418;46,510944;1514,009262;51,36660222;0,025249187
Bromsgrove;E14001138;BRG;England;West Midlands;county;75305;216,9684814;347,0780618;52,36175127;-2,016015011
Broxbourne;E14001139;BXB;England;Eastern;county;75454;86,64684153;870,8222789;51,74558939;-0,040603527
Broxtowe;E14001140;BXT;England;East Midlands;county;72461;60,72615129;1193,242095;52,97003344;-1,266782234
Buckingham and Bletchley;E14001141;BUC;England;South East;county;73644;396,2445932;185,8549019;51,97276597;-0,899423069
Burnley;E14001142;BUR;England;North West;county;75436;119,581085;630,8355537;53,7820996;-2,223052113
Burton and Uttoxeter;E14001143;BAU;England;West Midlands;county;75460;243,3764105;310,0547002;52,89744298;-1,808559487
Bury North;E14001144;BUN;England;North West;borough;77009;58,08140208;1325,880527;53,61343332;-2,324529806
Bury South;E14001145;BUS;England;North West;borough;74598;44,66526013;1670,15707;53,54889021;-2,293873399
Bury St Edmunds and Stowmarket;E14001146;BES;England;Eastern;county;75655;402,4724227;187,9756121;52,27380343;0,832741045
Caerfyrddin;W07000087;CAN;Wales;Wales;county;72683;2040,77046;35,61547044;51,9306504;-4,153879821
Caerphilly;W07000088;CAE;Wales;Wales;county;72458;140,5487153;515,5365514;51,61152075;-3,210933239
Caithness, Sutherland and Easter Ross;S14000069;CSR;Scotland;Scotland;county;75173;11797,50056;6,371942907;58,0867097;-4,417705747
Calder Valley;E14001147;CAV;England;Yorkshire and the Humber;county;75987;302,4676964;251,2235221;53,71807204;-1,992841161
Camborne and Redruth;E14001148;CRR;England;South West;county;73568;275,3367205;267,1928389;50,2189242;-5,23348189
Cambridge;E14001149;CBG;England;Eastern;borough;72560;32,34829504;2243,085761;52,20405926;0,126134301
Cannock Chase;E14001150;CKC;England;West Midlands;county;75582;78,88257062;958,1584298;52,71238261;-1,980231852
Canterbury;E14001151;CTB;England;South East;county;75499;242,8748034;310,8556299;51,26545643;1,086108874
Cardiff East;W07000089;CFE;Wales;Wales;borough;72463;32,94185948;2199,724033;51,50822029;-3,128843084
Cardiff North;W07000090;CFN;Wales;Wales;borough;71143;49,45438617;1438,557942;51,53511091;-3,199775799
Cardiff South and Penarth;W07000091;CFP;Wales;Wales;borough;72269;60,47852606;1194,953064;51,44673481;-3,1921649
Cardiff West;W07000092;CFW;Wales;Wales;borough;73947;62,87927249;1176,015515;51,50856687;-3,289055776
Carlisle;E14001152;CAR;England;North West;county;75868;916,055443;82,82031462;54,98753888;-2,78175365
Carshalton and Wallington;E14001153;CAW;England;London;borough;72755;25,57307794;2844,984095;51,36133481;-0,1551437
Castle Point;E14001154;CPT;England;Eastern;borough;70923;76,86555262;922,6890016;51,54040144;0,583862802
Central Ayrshire;S14000109;CAY;Scotland;Scotland;county;69779;237,3789277;293,9561682;55,55618945;-4,567642342
Central Devon;E14001155;CDV;England;South West;county;73491;1374,807477;53,45548467;50,73779963;-3,77760667
Central Suffolk and North Ipswich;E14001156;CSI;England;Eastern;county;71020;548,4141106;129,5006796;52,16587819;1,219456109
Ceredigion Preseli;W07000093;CDP;Wales;Wales;county;74063;2467,084621;30,02045385;52,18000666;-4,269462032
Chatham and Aylesford;E14001157;CTM;England;South East;county;74840;56,26726886;1330,080552;51,33851709;0,488317053
Cheadle;E14001158;CDL;England;North West;borough;73775;39,37205976;1873,790715;53,37039036;-2,184736799
Chelmsford;E14001159;CHM;England;Eastern;borough;76454;33,43719996;2286,495284;51,73246308;0,481700377
Chelsea and Fulham;E14001160;CAF;England;London;borough;76481;10,22367568;7480,773294;51,47983644;-0,194289283
Cheltenham;E14001161;CNM;England;South West;borough;75292;35,29210042;2133,395267;51,88974909;-2,071137452
Chesham and Amersham;E14001162;CAA;England;South East;county;74155;145,396204;510,0201928;51,65620649;-0,601310438
Chester North and Neston;E14001163;CHN;England;North West;county;72327;115,5810928;625,7684389;53,25363492;-2,979667732
Chester South and Eddisbury;E14001164;CHS;England;North West;county;71975;754,9358292;95,33922913;53,09934253;-2,67029799
Chesterfield;E14001165;CHD;England;East Midlands;borough;70722;47,35676218;1493,38757;53,24837987;-1,416962292
Chichester;E14001166;CCH;England;South East;county;76765;317,2086857;242,0015702;50,84122224;-0,825085099
Chingford and Woodford Green;E14001167;CWG;England;London;borough;75677;22,75107569;3326,304261;51,61557703;0,012173427
Chippenham;E14001168;CPM;England;South West;county;71648;273,3553292;262,105737;51,47376803;-1,989285158
Chipping Barnet;E14001169;CPB;England;London;borough;76187;40,2065695;1894,889341;51,63814289;-0,206655635
Chorley;E14001170;CRL;England;North West;county;74568;136,7086413;545,4519867;53,66630998;-2,60045073
Christchurch;E14001171;CHR;England;South West;county;71598;114,455558;625,5528453;50,79321571;-1,831437959
Cities of London and Westminster;E14001172;CLW;England;London;borough;73140;19,41067091;3768,030499;51,51162213;-0,141248395
City of Durham;E14001173;DHM;England;North East;county;72878;215,5495858;338,1031781;54,76975779;-1,645936789
Clacton;E14001174;CLT;England;Eastern;county;75959;216,3061336;351,164337;51,85044517;1,147263691
Clapham and Brixton Hill;E14001175;CBH;England;London;borough;75460;7,610883984;9914,748426;51,45745972;-0,130373761
Clwyd East;W07000094;CLE;Wales;Wales;county;76395;677,7965483;112,710813;53,16225435;-3,258870406
Clwyd North;W07000095;CLN;Wales;Wales;county;76150;170,9905881;445,3461495;53,25941179;-3,512985349
Coatbridge and Bellshill;S14000070;CAB;Scotland;Scotland;borough;72507;68,81603362;1053,635268;55,86610577;-4,046133322
Colchester;E14001176;COL;England;Eastern;borough;76843;42,2620676;1818,249895;51,88886715;0,897155947
Colne Valley;E14001177;COV;England;Yorkshire and the Humber;county;71518;172,2796118;415,1274735;53,59097337;-1,858296464
Congleton;E14001178;CNG;England;North West;county;69836;211,4580271;330,2593945;53,15972347;-2,305477817
Corby and East Northamptonshire;E14001179;COR;England;East Midlands;county;76748;521,8451142;147,0704581;52,47555762;-0,535055239
Coventry East;E14001180;CEA;England;West Midlands;borough;73389;28,7703867;2550,852054;52,42331544;-1,465013808
Coventry North West;E14001181;CNW;England;West Midlands;borough;73431;38,52421051;1906,100061;52,43129919;-1,555420189
Coventry South;E14001182;CSO;England;West Midlands;borough;70998;31,34446273;2265,089072;52,39319602;-1,526154888
Cowdenbeath and Kirkcaldy;S14000071;CKY;Scotland;Scotland;county;70329;153,6768589;457,6420972;56,08953019;-3,278501692
Cramlington and Killingworth;E14001183;CRK;England;North East;county;73295;98,8843416;741,2194774;55,06590791;-1,578371832
Crawley;E14001184;CRA;England;South East;borough;74446;44,97120503;1655,414836;51,12547062;-0,182034611
Crewe and Nantwich;E14001185;CWN;England;North West;county;76236;89,93009964;847,7250698;53,08563298;-2,431489524
Croydon East;E14001186;CRE;England;London;borough;75346;26,43449475;2850,290907;51,3617054;-0,046231498
Croydon South;E14001187;CRS;England;London;borough;71541;37,66753103;1899,275;51,32882807;-0,106029763
Croydon West;E14001188;CRW;England;London;borough;70812;14,47876017;4890,750256;51,38244824;-0,104647965
Cumbernauld and Kirkintilloch;S14000072;CKH;Scotland;Scotland;county;70579;142,498616;495,2960385;55,96040035;-4,046616909
Dagenham and Rainham;E14001189;DAR;England;London;borough;73627;41,91652985;1756,51468;51,52769648;0,185379743
Darlington;E14001190;DRL;England;North East;county;70446;113,3059317;621,7326749;54,56092866;-1,604299754
Dartford;E14001191;DFD;England;South East;county;72048;65,39752012;1101,693151;51,43423801;0,25909563
Daventry;E14001192;DAV;England;East Midlands;county;76539;780,6600173;98,04396063;52,3059975;-1,031864599
Derby North;E14001193;DEN;England;East Midlands;borough;71876;29,5083366;2435,786231;52,92181626;-1,490808214
Derby South;E14001194;DES;England;East Midlands;borough;72067;31,22066435;2308,310905;52,89240111;-1,460916064
Derbyshire Dales;E14001195;DED;England;East Midlands;county;71435;907,6846875;78,70023697;53,11081409;-1,680628225
Dewsbury and Batley;E14001196;DAB;England;Yorkshire and the Humber;borough;70226;54,26150065;1294,214114;53,67346393;-1,641583676
Didcot and Wantage;E14001197;DAW;England;South East;county;74356;402,3433117;184,8073469;51,60377996;-1,341011669
Doncaster Central;E14001198;DNC;England;Yorkshire and the Humber;county;75007;111,7920561;670,9510733;53,48388764;-1,115044785
Doncaster East and the Isle of Axholme;E14001199;DNE;England;Yorkshire and the Humber;county;70113;420,0522621;166,9149445;53,55494484;-0,887477544
Doncaster North;E14001200;DNN;England;Yorkshire and the Humber;county;71739;240,5500388;298,2290103;53,57971354;-1,159567894
Dorking and Horley;E14001201;DAH;England;South East;county;70317;280,5486516;250,6410193;51,19845254;-0,316590525
Dover and Deal;E14001202;DAD;England;South East;county;75855;220,9330353;343,3393286;51,18068506;1,290074135
Droitwich and Evesham;E14001203;DAE;England;West Midlands;county;74345;401,49264;185,171514;52,17751833;-2,058257363
Dudley;E14001204;DUD;England;West Midlands;borough;71083;28,33585784;2508,588249;52,51787643;-2,111668096
Dulwich and West Norwood;E14001205;DWN;England;London;borough;74314;14,47245962;5134,85627;51,44471564;-0,092913973
Dumfries and Galloway;S14000073;DAG;Scotland;Scotland;county;76863;4109,882067;18,70199649;54,98172816;-4,283006701
Dumfriesshire, Clydesdale and Tweeddale;S14000074;DCT;Scotland;Scotland;county;70738;4465,497089;15,84101357;55,36948014;-3,463311925
Dundee Central;S14000075;DUN;Scotland;Scotland;borough;75298;41,95815413;1794,597535;56,47401007;-3,006766403
Dunfermline and Dollar;S14000076;DFR;Scotland;Scotland;county;70725;279,1573952;253,3516977;56,10053627;-3,565666251
Dunstable and Leighton Buzzard;E14001206;DLB;England;Eastern;county;74069;78,56499714;942,773534;51,91711137;-0,59287487
Dwyfor Meirionnydd;W07000096;DMD;Wales;Wales;county;72533;2622,432096;27,65867612;52,87907345;-3,982224927
Ealing Central and Acton;E14001207;ECA;England;London;borough;75399;20,48883136;3680,00491;51,51680563;-0,271558498
Ealing North;E14001208;ELN;England;London;borough;72985;22,96949977;3177,474509;51,53763812;-0,350610757
Ealing Southall;E14001209;ELS;England;London;borough;75085;16,16835028;4643,949363;51,5075335;-0,355114507
Earley and Woodley;E14001210;EAR;England;South East;borough;70083;48,9536387;1431,619832;51,42953089;-0,941283328
Easington;E14001211;EAS;England;North East;county;70043;149,7820878;467,6326856;54,76724913;-1,366050011
East Antrim;N05000005;EAN;Northern Ireland;Northern Ireland;county;69936;848,3732474;82,43541415;54,88470307;-6,009667155
East Grinstead and Uckfield;E14001212;EGU;England;South East;county;72356;381,9575986;189,4346395;51,02742343;-0,015541929
East Ham;E14001213;EHM;England;London;borough;70902;10,02047122;7075,71515;51,53948085;0,052487726
East Hampshire;E14001214;EHA;England;South East;county;69959;513,9860862;136,1106884;51,08700504;-1,000548318
East Kilbride and Strathaven;S14000077;EKS;Scotland;Scotland;county;75161;304,5951582;246,7570412;55,67623908;-4,127890669
East Londonderry;N05000006;ELD;Northern Ireland;Northern Ireland;county;72213;1291,5378;55,91241695;55,00585064;-6,875311044
East Renfrewshire;S14000021;ERF;Scotland;Scotland;county;72959;174,2472841;418,7095389;55,75313745;-4,359510803
East Surrey;E14001215;ESU;England;South East;county;73145;259,7833919;281,5614942;51,22924087;-0,048006106
East Thanet;E14001216;ETH;England;South East;borough;73790;38,31920548;1925,666231;51,35710294;1,407010389
East Wiltshire;E14001217;EWT;England;South West;county;71109;1053,013308;67,52906108;51,33628479;-1,742644151
East Worthing and Shoreham;E14001218;EWS;England;South East;county;75466;57,4575381;1313,422094;50,8424685;-0,316580247
Eastbourne;E14001219;EBN;England;South East;borough;73322;45,33126219;1617,470956;50,77623053;0,266229458
Eastleigh;E14001220;ESL;England;South East;borough;69982;51,06014122;1370,579837;50,96373721;-1,340761143
Edinburgh East and Musselburgh;S14000078;EEM;Scotland;Scotland;borough;75705;33,84487455;2236,823183;55,94248708;-3,11534576
Edinburgh North and Leith;S14000079;ENL;Scotland;Scotland;borough;76770;20,15696087;3808,609864;55,97162882;-3,205512518
Edinburgh South;S14000080;ESO;Scotland;Scotland;borough;70980;31,11422673;2281,271542;55,91361793;-3,171061315
Edinburgh South West;S14000081;ESW;Scotland;Scotland;borough;73315;90,3764003;811,2184127;55,88449934;-3,315115984
Edinburgh West;S14000082;EWE;Scotland;Scotland;borough;76723;107,100434;716,3649777;55,95277973;-3,349578446
Edmonton and Winchmore Hill;E14001221;EWH;England;London;borough;75204;21,92923064;3429,395278;51,62815535;-0,067976832
Ellesmere Port and Bromborough;E14001222;ELP;England;North West;borough;71027;59,64513624;1190,826352;53,31134317;-2,937127991
Eltham and Chislehurst;E14001223;EAC;England;London;borough;74179;30,70829032;2415,601755;51,43742373;0,057949007
Ely and East Cambridgeshire;E14001224;EEC;England;Eastern;county;76279;727,1574611;104,9002507;52,33711959;0,28090062
Enfield North;E14001225;ENF;England;London;borough;76824;40,63194437;1890,72911;51,66658737;-0,074642912
Epping Forest;E14001226;EPF;England;Eastern;county;74553;126,2456386;590,5392124;51,68154572;0,063069769
Epsom and Ewell;E14001227;EAE;England;South East;borough;76844;58,2018836;1320,300912;51,32471287;-0,283696763
Erewash;E14001228;ERW;England;East Midlands;county;71986;60,04296509;1198,908147;52,92166207;-1,30852411
Erith and Thamesmead;E14001229;EAT;England;London;borough;76728;29,43197473;2606,960651;51,49119213;0,121035353
Esher and Walton;E14001230;EAW;England;South East;borough;73280;47,62885007;1538,563284;51,37749866;-0,374206296
Exeter;E14001231;EXT;England;South West;borough;71713;33,87994256;2116,680094;50,72577825;-3,524346602
Exmouth and Exeter East;E14001232;EXM;England;South West;county;74502;252,6697787;294,8591651;50,71734426;-3,409327019
Falkirk;S14000083;FLK;Scotland;Scotland;county;75067;201,9277218;371,7518294;55,97872235;-3,828751049
Fareham and Waterlooville;E14001233;FAW;England;South East;county;77036;98,90252799;778,9083006;50,88080073;-1,126974317
Farnham and Bordon;E14001234;FAB;England;South East;county;72938;169,3987291;430,5699362;51,1379886;-0,798014537
Faversham and Mid Kent;E14001235;FAV;England;South East;county;71798;384,6217637;186,6717039;51,28891119;0,759640625
Feltham and Heston;E14001236;FEL;England;London;borough;75226;28,02067394;2684,660625;51,45718519;-0,407965731
Fermanagh and South Tyrone;N05000007;FST;Northern Ireland;Northern Ireland;county;74643;2566,405455;29,08464828;54,37324989;-7,459891964
Filton and Bradley Stoke;E14001237;FBS;England;South West;borough;73598;45,29671198;1624,797845;51,51540792;-2,539650547
Finchley and Golders Green;E14001238;FGG;England;London;borough;75761;20,94115164;3617,804852;51,5881267;-0,189735683
Folkestone and Hythe;E14001239;FAH;England;South East;county;70023;240,0346673;291,7203619;51,00997487;0,944504617
Forest of Dean;E14001240;FOD;England;South West;county;71510;620,2800166;115,2866417;51,83695912;-2,46873694
Foyle;N05000008;FOY;Northern Ireland;Northern Ireland;county;69890;121,2140638;576,5832593;55,00884422;-7,297055712
Frome and East Somerset;E14001241;FES;England;South West;county;70177;475,95049;147,4460085;51,2303225;-2,424102845
Fylde;E14001242;FYL;England;North West;county;75114;191,2266562;392,800886;53,78653614;-2,925922374
Gainsborough;E14001243;GNB;England;East Midlands;county;74750;1157,652129;64,57034729;53,39275474;-0,477114644
Gateshead Central and Whickham;E14001244;GCW;England;North East;borough;70994;42,25778799;1680,021681;54,93841869;-1,650206782
Gedling;E14001245;GED;England;East Midlands;county;75795;63,96373841;1184,968263;52,99847458;-1,093922199
Gillingham and Rainham;E14001246;GAR;England;South East;borough;73951;41,80260919;1769,052254;51,375563;0,593195373
Glasgow East;S14000084;GEA;Scotland;Scotland;borough;69748;28,43823323;2452,613685;55,844449;-4,173612555
Glasgow North;S14000085;GNO;Scotland;Scotland;borough;73210;28,03590822;2611,294038;55,89083669;-4,276065853
Glasgow North East;S14000086;GNE;Scotland;Scotland;borough;75236;39,60576115;1899,622626;55,87410376;-4,168771964
Glasgow South;S14000087;GSO;Scotland;Scotland;borough;71344;26,74047304;2668,015629;55,81505911;-4,26875343
Glasgow South West;S14000088;GSW;Scotland;Scotland;borough;70431;29,99080435;2348,419841;55,83512135;-4,32975222
Glasgow West;S14000089;GWE;Scotland;Scotland;borough;72449;19,12341456;3788,497069;55,89141106;-4,34560582
Glastonbury and Somerton;E14001247;GAS;England;South West;county;70015;694,2451849;100,8505374;51,04067548;-2,641303667
Glenrothes and Mid Fife;S14000090;GMF;Scotland;Scotland;county;69734;173,9471272;400,8919325;56,17661961;-3,19933604
Gloucester;E14001248;GLO;England;South West;borough;76695;36,10852302;2124,013767;51,84607657;-2,243194355
Godalming and Ash;E14001249;GAA;England;South East;county;71399;344,9934672;206,9575421;51,16578067;-0,589802371
Goole and Pocklington;E14001250;GAP;England;Yorkshire and the Humber;county;76337;739,0844913;103,2858907;53,78255911;-0,77418145
Gordon and Buchan;S14000091;GDB;Scotland;Scotland;county;70238;2083,317417;33,71449757;57,38879657;-2,456616632
Gorton and Denton;E14001251;GAD;England;North West;borough;74306;22,70169527;3273,147627;53,45035837;-2,153979135
Gosport;E14001252;GOS;England;South East;borough;73763;38,96404138;1893,104447;50,8110173;-1,173903365
Gower;W07000097;GWR;Wales;Wales;county;76801;345,9392756;222,0071712;51,63943058;-4,091325576
Grantham and Bourne;E14001253;GAB;England;East Midlands;county;72071;751,9960189;95,83960312;52,92160166;-0,498311506
Gravesham;E14001254;GRV;England;South East;county;72866;104,9587757;694,2344697;51,40512703;0,394994183
Great Grimsby and Cleethorpes;E14001255;GGC;England;Yorkshire and the Humber;borough;77050;41,67329151;1848,906031;53,56091922;-0,07037703
Great Yarmouth;E14001256;GYM;England;Eastern;county;70077;182,55548;383,8668661;52,64071397;1,661393277
Greenwich and Woolwich;E14001257;GAW;England;London;borough;69824;17,33538797;4027,830246;51,48508611;0,026632216
Guildford;E14001258;GUI;England;South East;county;71367;126,0937782;565,9835167;51,26698728;-0,509436175
Hackney North and Stoke Newington;E14001259;HSN;England;London;borough;75401;9,021292605;8358,114885;51,56086823;-0,061169643
Hackney South and Shoreditch;E14001260;HSD;England;London;borough;75197;8,067099731;9321,441721;51,54064505;-0,059604131
Halesowen;E14001261;HAL;England;West Midlands;borough;69907;30,79392014;2270,155917;52,45732145;-2,062960884
Halifax;E14001262;HFX;England;Yorkshire and the Humber;borough;74563;61,49329371;1212,538726;53,73642082;-1,877807647
Hamble Valley;E14001263;HBV;England;South East;county;76902;100,641174;764,1206568;50,88295877;-1,275213001
Hamilton and Clyde Valley;S14000092;HCV;Scotland;Scotland;county;74577;257,4723703;289,6504969;55,68360585;-3,932190895
Hammersmith and Chiswick;E14001264;HAC;England;London;borough;74746;13,17487491;5673,374549;51,49293397;-0,250462647
Hampstead and Highgate;E14001265;HAH;England;London;borough;74222;15,26789075;4861,313276;51,55903216;-0,169745256
Harborough, Oadby and Wigston;E14001266;HOW;England;East Midlands;county;74810;166,1535494;450,2461746;52,54083817;-0,994069987
Harlow;E14001267;HLW;England;Eastern;county;73479;153,3241552;479,2395556;51,79768808;0,174862571
Harpenden and Berkhamsted;E14001268;HAB;England;Eastern;county;71635;248,282172;288,5225283;51,79683945;-0,477124491
Harrogate and Knaresborough;E14001269;HGK;England;Yorkshire and the Humber;county;75800;133,5202518;567,7041421;54,01885144;-1,482433071
Harrow East;E14001270;HAE;England;London;borough;76299;24,98144388;3054,226984;51,60949665;-0,31298772
Harrow West;E14001271;HAW;England;London;borough;74060;17,48268638;4236,191073;51,57907467;-0,350692221
Hartlepool;E14001272;HPL;England;North East;county;71228;98,34667188;724,2543;54,66901414;-1,255646746
Harwich and North Essex;E14001273;HWC;England;Eastern;county;74838;353,128657;211,9284247;51,89357966;0,960214385
Hastings and Rye;E14001274;HAR;England;South East;county;75581;145,7054449;518,7246093;50,92602513;0,68906257
Havant;E14001275;HAV;England;South East;borough;72766;70,79048643;1027,906484;50,83229282;-0,985417941
Hayes and Harlington;E14001276;HAY;England;London;borough;72897;45,02845598;1618,909607;51,49485106;-0,443690013
Hazel Grove;E14001277;HAZ;England;North West;county;72941;61,38590854;1188,236873;53,39923892;-2,074971057
Hemel Hempstead;E14001278;HML;England;Eastern;county;70496;57,3809008;1228,5621;51,73626336;-0,493746726
Hendon;E14001279;HEN;England;London;borough;71496;22,84289112;3129,901536;51,60316199;-0,241580767
Henley and Thame;E14001280;HAT;England;South East;county;70626;548,7834687;128,6955676;51,63750925;-1,04162573
Hereford and South Herefordshire;E14001281;HRS;England;West Midlands;county;71125;741,0393461;95,98005878;51,97823648;-2,811898703
Herne Bay and Sandwich;E14001282;HBS;England;South East;county;76028;249,696155;304,4820614;51,32087553;1,252001243
Hertford and Stortford;E14001283;HAS;England;Eastern;county;75396;121,4084025;621,0113833;51,82625653;0,062113401
Hertsmere;E14001284;HMR;England;Eastern;county;73256;119,7533057;611,7242409;51,68423638;-0,25201201
Hexham;E14001285;HEX;England;North East;county;72738;2775,491766;26,20724762;55,07305834;-2,190549806
Heywood and Middleton North;E14001286;HMN;England;North West;county;73306;71,75134603;1021,667245;53,60524479;-2,214489476
High Peak;E14001287;HPK;England;East Midlands;county;73960;540,2540007;136,8985698;53,37295028;-1,87393858
Hinckley and Bosworth;E14001288;HKB;England;East Midlands;county;75683;290,0237753;260,954468;52,61837363;-1,427094322
Hitchin;E14001289;HIT;England;Eastern;county;72112;227,0730437;317,571821;51,953286;-0,299215104
Holborn and St Pancras;E14001290;HSP;England;London;borough;75475;9,287184489;8126,790212;51,53470842;-0,135620534
Honiton and Sidmouth;E14001291;HNS;England;South West;county;74365;648,5636693;114,6610634;50,79028419;-3,173133154
Hornchurch and Upminster;E14001292;HAU;England;London;borough;76938;56,78457174;1354,91028;51,57059669;0,251550206
Hornsey and Friern Barnet;E14001293;HFB;England;London;borough;70565;13,92133624;5068,838134;51,59212575;-0,133247366
Horsham;E14001294;HRH;England;South East;county;76981;311,1963684;247,3711386;51,04194046;-0,342260809
Houghton and Sunderland South;E14001295;HSS;England;North East;county;76883;69,1428022;1111,945099;54,85393135;-1,450099065
Hove and Portslade;E14001296;HAP;England;South East;borough;73726;24,1170517;3057,007171;50,84798227;-0,197406948
Huddersfield;E14001297;HUD;England;Yorkshire and the Humber;borough;76044;49,09398213;1548,947482;53,64668929;-1,772597878
Huntingdon;E14001298;HTD;England;Eastern;county;75590;591,0782404;127,884931;52,35733512;-0,222621666
Hyndburn;E14001299;HYB;England;North West;county;71145;90,26350075;788,1923414;53,75008466;-2,379214058
Ilford North;E14001300;ILN;England;London;borough;74684;27,24606801;2741,092769;51,59226563;0,09250844
Ilford South;E14001301;ILS;England;London;borough;74065;15,22652394;4864,209343;51,56838353;0,107941897
Inverclyde and Renfrewshire West;S14000093;IRW;Scotland;Scotland;county;70418;207,8086454;338,8598192;55,89843497;-4,714745317
Inverness, Skye and West Ross-shire;S14000094;ISW;Scotland;Scotland;county;76903;9688,218301;7,937785629;57,25360167;-5,284920201
Ipswich;E14001302;IPS;England;Eastern;borough;75117;32,30526642;2325,224594;52,05010104;1,166185597
Isle of Wight East;E14001303;IWE;England;South East;county;56805;121,7140612;466,7086075;50,67719749;-1,178986015
Isle of Wight West;E14001304;IWW;England;South East;county;54911;271,1104322;202,5410809;50,67509294;-1,349351451
Islington North;E14001305;ISN;England;London;borough;73970;7,383082663;10018,85031;51,5596115;-0,114337657
Islington South and Finsbury;E14001306;ISS;England;London;borough;75905;8,066636236;9409,746241;51,53779559;-0,104337153
Jarrow and Gateshead East;E14001307;JGE;England;North East;borough;71106;43,64787707;1629,082667;54,9558855;-1,505788104
Keighley and Ilkley;E14001308;KAI;England;Yorkshire and the Humber;county;72954;164,5626105;443,3206291;53,87733613;-1,92638338
Kenilworth and Southam;E14001309;KLW;England;West Midlands;county;71451;665,0342965;107,4395717;52,25206036;-1,469258219
Kensington and Bayswater;E14001310;KAB;England;London;borough;75980;11,51603399;6597,757531;51,50735739;-0,195755476
Kettering;E14001311;KET;England;East Midlands;county;76163;258,8896785;294,1909482;52,43235551;-0,76237412
Kilmarnock and Loudoun;S14000110;KAL;Scotland;Scotland;county;74801;701,826288;106,5805047;55,58258167;-4,303571582
Kingston and Surbiton;E14001312;KAS;England;London;borough;75410;26,04646148;2895,210931;51,37826034;-0,294147742
Kingston upon Hull East;E14001313;HUE;England;Yorkshire and the Humber;borough;72622;37,76740692;1922,874932;53,76516859;-0,295961004
Kingston upon Hull North and Cottingham;E14001314;HUN;England;Yorkshire and the Humber;borough;76039;37,27033924;2040,201446;53,77865023;-0,378798788
Kingston upon Hull West and Haltemprice;E14001315;HUW;England;Yorkshire and the Humber;borough;74321;43,90195542;1692,88587;53,73918787;-0,413164725
Kingswinford and South Staffordshire;E14001316;KSS;England;West Midlands;county;71896;185,9411927;386,6598839;52,53032423;-2,221543338
Knowsley;E14001317;KNW;England;North West;borough;71228;51,20970462;1390,908237;53,45146036;-2,850065244
Lagan Valley;N05000009;LGV;Northern Ireland;Northern Ireland;county;76332;543,2056045;140,5213779;54,46843342;-6,146131022
Lancaster and Wyre;E14001318;LAN;England;North West;county;74992;448,9478165;167,0394581;53,93723275;-2,794333387
Leeds Central and Headingley;E14001319;LCH;England;Yorkshire and the Humber;borough;75396;20,41549241;3693,077712;53,8217867;-1,583465781
Leeds East;E14001320;LEA;England;Yorkshire and the Humber;county;75330;58,07075747;1297,210563;53,79293647;-1,430903446
Leeds North East;E14001321;LNE;England;Yorkshire and the Humber;borough;70976;39,40520423;1801,183407;53,84890469;-1,536010525
Leeds North West;E14001322;LNW;England;Yorkshire and the Humber;county;71607;85,55247367;836,9950853;53,8761051;-1,662515452
Leeds South;E14001323;LSO;England;Yorkshire and the Humber;borough;74726;38,42210238;1944,87015;53,77568512;-1,528117677
Leeds South West and Morley;E14001324;LSW;England;Yorkshire and the Humber;borough;71376;56,79411608;1256,749905;53,74817693;-1,590265753
Leeds West and Pudsey;E14001325;LWP;England;Yorkshire and the Humber;borough;70270;35,17851229;1997,526201;53,80733622;-1,656802248
Leicester East;E14001326;LEE;England;East Midlands;borough;76465;21,47489449;3560,669415;52,64911025;-1,08699794
Leicester South;E14001327;LES;England;East Midlands;borough;71007;19,18459678;3701,250583;52,61565055;-1,118608667
Leicester West;E14001328;LEW;England;East Midlands;borough;72848;32,68254063;2228,957682;52,64361698;-1,161543335
Leigh and Atherton;E14001329;LAA;England;North West;borough;76363;53,09844506;1438,140042;53,49563493;-2,530030463
Lewes;E14001330;LWS;England;South East;county;75091;359,0999544;209,1089099;50,85047787;0,082371275
Lewisham East;E14001331;LWE;England;London;borough;71706;15,86784167;4518,951064;51,43635274;-0,002884351
Lewisham North;E14001332;LWN;England;London;borough;73504;12,06996314;6089,828043;51,4701516;-0,025705149
Lewisham West and East Dulwich;E14001333;LWW;England;London;borough;69904;11,42602937;6117,96082;51,44432169;-0,053957142
Leyton and Wanstead;E14001334;LAW;England;London;borough;71330;17,22430803;4141,240384;51,57013073;0,015863148
Lichfield;E14001335;LIC;England;West Midlands;county;74942;317,0586419;236,3663691;52,76053156;-1,839182715
Lincoln;E14001336;LNC;England;East Midlands;borough;74128;63,93092238;1159,501494;53,21638038;-0,56210862
Liverpool Garston;E14001337;LGT;England;North West;borough;70372;46,3925327;1516,882048;53,35410361;-2,873672555
Liverpool Riverside;E14001338;LRV;England;North West;borough;70157;26,60498742;2636,986776;53,41145202;-2,979489091
Liverpool Walton;E14001339;LWL;England;North West;borough;71181;25,35380333;2807,507777;53,45708516;-2,929645617
Liverpool Wavertree;E14001340;LWV;England;North West;borough;71076;23,56062963;3016,727529;53,38634069;-2,930634178
Liverpool West Derby;E14001341;LWD;England;North West;borough;70730;18,76973014;3768,301381;53,42344652;-2,896373773
Livingston;S14000095;LVG;Scotland;Scotland;county;75454;243,9734161;309,2714002;55,85542141;-3,534781674
Llanelli;W07000098;LLE;Wales;Wales;county;69895;398,1765841;175,5376955;51,74147483;-4,210726211
Lothian East;S14000096;LOE;Scotland;Scotland;county;71287;689,7754204;103,3481303;55,94195934;-2,715868512
Loughborough;E14001342;LBO;England;East Midlands;county;73902;122,5114472;603,2252634;52,77355032;-1,18253016
Louth and Horncastle;E14001343;LAH;England;East Midlands;county;75959;1336,384604;56,83917621;53,2961023;-0,020977928
Lowestoft;E14001344;LWT;England;Eastern;county;73967;112,9186785;655,0466314;52,47599968;1,680063136
Luton North;E14001345;LUN;England;Eastern;borough;73266;21,9233717;3341,91296;51,90680004;-0,444941857
Luton South and South Bedfordshire;E14001346;LUS;England;Eastern;county;70197;100,6921294;697,1448552;51,86508383;-0,479087112
Macclesfield;E14001347;MAC;England;North West;county;75881;301,7385444;251,4793068;53,2617019;-2,119763937
Maidenhead;E14001348;MAI;England;South East;county;73463;182,3841024;402,7927819;51,48149823;-0,743676633
Maidstone and Malling;E14001349;MDS;England;South East;county;73084;51,89091888;1408,415992;51,27935992;0,465227002
Makerfield;E14001350;MKF;England;North West;borough;76517;56,94386511;1343,726841;53,51685426;-2,629273626
Maldon;E14001351;MAL;England;Eastern;county;76794;443,4033624;173,1921914;51,68106667;0,70755141
Manchester Central;E14001352;MCT;England;North West;borough;75311;27,57263966;2731,36707;53,491662;-2,193309171
Manchester Rusholme;E14001353;MRH;England;North West;borough;70692;14,82577391;4768,182789;53,45729365;-2,230697775
Manchester Withington;E14001354;MWI;England;North West;borough;71614;18,16704651;3941,972623;53,42771609;-2,248147729
Mansfield;E14001355;MAN;England;East Midlands;county;74680;70,84510837;1054,130648;53,1718091;-1,168108133
Melksham and Devizes;E14001356;MKM;England;South West;county;71823;417,535898;172,0163472;51,34816754;-2,080984452
Melton and Syston;E14001357;MAS;England;East Midlands;county;71615;569,68369;125,7101112;52,78332383;-0,887312375
Meriden and Solihull East;E14001358;MSE;England;West Midlands;county;74211;133,648972;555,2680195;52,41290472;-1,700203394
Merthyr Tydfil and Aberdare;W07000099;MTA;Wales;Wales;county;74805;245,2459069;305,0203812;51,74121842;-3,427591816
Mid and South Pembrokeshire;W07000100;MSP;Wales;Wales;county;76820;988,9657082;77,67711192;51,77476518;-4,943957186
Mid Bedfordshire;E14001359;MBD;England;Eastern;county;71748;347,4705546;206,4865614;52,0145124;-0,50746374
Mid Buckinghamshire;E14001360;MBU;England;South East;county;72240;541,6301941;133,3751345;51,78220327;-0,888229085
Mid Cheshire;E14001361;MCH;England;North West;county;69775;105,0553029;664,1739928;53,20809097;-2,515589907
Mid Derbyshire;E14001362;MDE;England;East Midlands;county;70085;142,3242054;492,4320485;52,96643827;-1,471137408
Mid Dorset and North Poole;E14001363;MDP;England;South West;county;74305;312,302391;237,9264525;50,76747488;-2,062262749
Mid Dunbartonshire;S14000097;MDB;Scotland;Scotland;county;75099;153,7257625;488,5257928;55,95800782;-4,242807627
Mid Leicestershire;E14001364;MLE;England;East Midlands;county;76173;137,7090799;553,1443537;52,68093312;-1,232639021
Mid Norfolk;E14001365;MNF;England;Eastern;county;71060;838,9939049;84,69668204;52,629226;0,920593153
Mid Sussex;E14001366;MSU;England;South East;county;72255;165,9520273;435,3969106;50,96673669;-0,172350997
Mid Ulster;N05000010;MUL;Northern Ireland;Northern Ireland;county;70094;1311,396792;53,4498791;54,70315236;-6,68574089
Middlesbrough and Thornaby East;E14001367;MTE;England;North East;borough;71742;36,29327561;1976,729816;54,55603101;-1,248148041
Middlesbrough South and East Cleveland;E14001368;MCL;England;North East;county;69967;197,1319221;354,9247593;54,53472603;-1,012288924
Midlothian;S14000045;MID;Scotland;Scotland;county;71210;355,2720335;200,4379554;55,83222605;-3,110419178
Milton Keynes Central;E14001369;MKC;England;South East;borough;76708;65,79103219;1165,93398;52,0245956;-0,718255356
Milton Keynes North;E14001370;MKN;England;South East;county;70620;221,3464455;319,0473642;52,11001189;-0,736360196
Mitcham and Morden;E14001371;MAM;England;London;borough;76877;18,68234982;4114,953458;51,40095929;-0,176547762
Monmouthshire;W07000101;MMS;Wales;Wales;county;72681;886,0534818;82,02777991;51,75781528;-2,867326324
Montgomeryshire and Glyndŵr;W07000102;MAG;Wales;Wales;county;74223;2386,935363;31,09552155;52,6542037;-3,400276999
Moray West, Nairn and Strathspey;S14000098;MNS;Scotland;Scotland;county;76237;4748,197805;16,05598653;57,28873401;-3,711902869
Morecambe and Lunesdale;E14001372;MOR;England;North West;county;76040;903,9442921;84,12022806;54,17781431;-2,631671919
Motherwell, Wishaw and Carluke;S14000099;MWC;Scotland;Scotland;county;72318;214,5967232;336,9948941;55,75515963;-3,76942765
Na h-Eileanan an Iar;S14000027;NHI;Scotland;Scotland;county;21177;3270,220544;6,475710037;57,90740137;-6,874900324
Neath and Swansea East;W07000103;NSW;Wales;Wales;county;74705;220,0423332;339,5028534;51,69979852;-3,759361534
New Forest East;E14001373;NFE;England;South East;county;73823;415,661759;177,6035404;50,85133066;-1,521746141
New Forest West;E14001374;NFW;England;South East;county;71009;360,6239153;196,9059649;50,86665263;-1,743506627
Newark;E14001375;NWK;England;East Midlands;county;76478;774,6241239;98,72917411;53,15080201;-0,863573293
Newbury;E14001376;NBY;England;South East;county;71631;396,7622553;180,5388467;51,44715608;-1,415058104
Newcastle upon Tyne Central and West;E14001377;NCL;England;North East;borough;76460;33,3026561;2295,912968;54,98368647;-1,671985861
Newcastle upon Tyne East and Wallsend;E14001378;NCE;England;North East;borough;76875;28,05702665;2739,95534;54,99038767;-1,54527982
Newcastle upon Tyne North;E14001379;NCN;England;North East;borough;76503;32,32961771;2366,344096;55,01508856;-1,615914741
Newcastle-under-Lyme;E14001380;NUL;England;West Midlands;county;70025;102,7424718;681,5584514;53,02509109;-2,297141899
Newport East;W07000104;NPE;Wales;Wales;county;76159;142,2000497;535,5764655;51,58268372;-2,914843333
Newport West and Islwyn;W07000105;NPI;Wales;Wales;county;76234;154,4125839;493,7032855;51,6137594;-3,098705395
Newry and Armagh;N05000011;NAR;Northern Ireland;Northern Ireland;county;74585;921,7911507;80,91312217;54,23065963;-6,558303704
Newton Abbot;E14001381;NTA;England;South West;county;72956;201,9284147;361,296354;50,55195467;-3,570416042
Newton Aycliffe and Spennymoor;E14001382;NAS;England;North East;county;71299;246,5244248;289,2167787;54,67113235;-1,504579635
Normanton and Hemsworth;E14001383;NAH;England;Yorkshire and the Humber;county;75388;154,8210399;486,9364013;53,63968582;-1,371830672
North Antrim;N05000012;NAN;Northern Ireland;Northern Ireland;county;71165;1137,151769;62,58179599;55,04780504;-6,344294663
North Ayrshire and Arran;S14000048;NAA;Scotland;Scotland;county;73588;833,6969041;88,2670904;55,65259306;-5,009962909
North Bedfordshire;E14001384;NBD;England;Eastern;county;76319;584,8362393;130,4963593;52,17370992;-0,413835266
North Cornwall;E14001385;NCR;England;South West;county;75034;1295,61069;57,91400195;50,61404924;-4,634008942
North Cotswolds;E14001386;NCT;England;South West;county;70915;1032,846999;68,65973382;51,85999188;-1,916457453
North Devon;E14001387;NDV;England;South West;county;76455;1104,720566;69,20754654;51,06978364;-3,914565461
North Dorset;E14001388;NDS;England;South West;county;72109;796,7311448;90,50606402;50,90607014;-2,188924722
North Down;N05000013;NDW;Northern Ireland;Northern Ireland;county;70412;118,8669729;592,359663;54,64018284;-5,679045259
North Durham;E14001389;NDH;England;North East;county;73079;229,7416077;318,0921416;54,8368013;-1,752283564
North East Cambridgeshire;E14001390;NEC;England;Eastern;county;70806;547,3553974;129,3601933;52,56284099;0,06077131
North East Derbyshire;E14001391;NED;England;East Midlands;county;72344;226,3231178;319,6491844;53,24677538;-1,459958227
North East Fife;S14000100;NEF;Scotland;Scotland;county;70452;824,4054641;85,45794887;56,30365669;-2,969257984
North East Hampshire;E14001392;NEH;England;South East;county;73306;327,3506525;223,937235;51,28196844;-0,957992694
North East Hertfordshire;E14001393;HNE;England;Eastern;county;76849;502,2538826;153,0082746;51,93391132;-0,057031257
North East Somerset and Hanham;E14001394;NES;England;South West;county;73113;209,4540337;349,064655;51,36291178;-2,545543218
North Herefordshire;E14001395;NHR;England;West Midlands;county;70894;1438,670101;49,27745418;52,1679741;-2,710334948
North Norfolk;E14001396;NNF;England;Eastern;county;70719;792,7839681;89,20336794;52,853335;1,243182039
North Northumberland;E14001397;NNU;England;North East;county;72541;2185,894085;33,1859629;55,46008824;-1,93590276
North Shropshire;E14001398;NSO;England;West Midlands;county;77052;772,6208353;99,72808975;52,87104589;-2,823527435
North Somerset;E14001399;NSS;England;South West;county;73963;198,8564873;371,9415998;51,4235359;-2,72965656
North Warwickshire and Bedworth;E14001400;NWB;England;West Midlands;county;70245;266,4798452;263,6034254;52,5447992;-1,626998266
North West Cambridgeshire;E14001401;NWC;England;Eastern;county;73556;388,2505946;189,4549578;52,53814981;-0,282468665
North West Essex;E14001402;NWE;England;Eastern;county;76280;621,5081692;122,7337045;51,90488023;0,303130537
North West Hampshire;E14001403;NWH;England;South East;county;76004;446,2969034;170,2991874;51,2890101;-1,327118631
North West Leicestershire;E14001404;NWL;England;East Midlands;county;75373;236,8768873;318,1948262;52,76396569;-1,384826921
North West Norfolk;E14001405;NWN;England;Eastern;county;75200;910,2897586;82,61105795;52,82214367;0,514514047
Northampton North;E14001406;NHN;England;East Midlands;borough;75713;30,86312239;2453,186655;52,26005414;-0,884150395
Northampton South;E14001407;NHS;England;East Midlands;borough;71512;49,90881651;1432,853051;52,22962253;-0,888615504
Norwich North;E14001408;NRN;England;Eastern;borough;71441;42,06873277;1698,1971;52,65650953;1,299919
Norwich South;E14001409;NRS;England;Eastern;borough;73301;30,26826181;2421,711576;52,62457158;1,274202987
Nottingham East;E14001410;NGE;England;East Midlands;borough;75327;21,67565073;3475,189786;52,96518888;-1,140461389
Nottingham North and Kimberley;E14001411;NGN;England;East Midlands;borough;74515;40,01035666;1862,392796;52,99426993;-1,217816769
Nottingham South;E14001412;NGS;England;East Midlands;borough;76076;32,30023918;2355,276677;52,93727521;-1,19206506
Nuneaton;E14001413;NUN;England;West Midlands;county;70335;83,02308897;847,1739714;52,52312606;-1,518446641
Old Bexley and Sidcup;E14001414;OBS;England;London;borough;74317;26,98633354;2753,875398;51,43972389;0,118170637
Oldham East and Saddleworth;E14001415;OLE;England;North West;county;72997;104,4098043;699,1393242;53,55731726;-2,018904059
Oldham West, Chadderton and Royton;E14001416;OLW;England;North West;borough;74183;30,83848205;2405,533446;53,54425645;-2,135468195
Orkney and Shetland;S14000051;OAS;Scotland;Scotland;county;34824;2743,861062;12,69160472;59,85701458;-1,977086187
Orpington;E14001417;ORP;England;London;borough;71571;67,87081995;1054,517981;51,35775571;0,093803694
Ossett and Denby Dale;E14001418;ODB;England;Yorkshire and the Humber;county;71595;140,5225112;509,4913219;53,61992303;-1,613198878
Oxford East;E14001419;OXE;England;South East;borough;72371;28,0494655;2580,120466;51,74562695;-1,220751927
Oxford West and Abingdon;E14001420;OXW;England;South East;county;72004;107,5777001;669,3208717;51,7227577;-1,2978493
Paisley and Renfrewshire North;S14000101;PRN;Scotland;Scotland;borough;69941;89,32745152;782,9731937;55,89010402;-4,477738824
Paisley and Renfrewshire South;S14000102;PRS;Scotland;Scotland;county;69813;149,505277;466,9601059;55,8179928;-4,569992071
Peckham;E14001421;PKM;England;London;borough;71176;8,123357153;8761,894702;51,47775617;-0,073001955
Pendle and Clitheroe;E14001422;PDL;England;North West;county;76941;236,9440529;324,7222247;53,86333073;-2,237430274
Penistone and Stocksbridge;E14001423;PAS;England;Yorkshire and the Humber;county;71377;293,7941859;242,9489875;53,49799214;-1,623217662
Penrith and Solway;E14001424;PEN;England;North West;county;76720;2032,759891;37,7417915;54,7396239;-3,017924464
Perth and Kinross-shire;S14000103;PHK;Scotland;Scotland;county;76320;1453,468909;52,50886313;56,34948655;-3,64649693
Peterborough;E14001425;PBO;England;Eastern;county;72273;172,3857533;419,2515832;52,61694594;-0,158195651
Plymouth Moor View;E14001426;PMV;England;South West;borough;73378;35,20424799;2084,35073;50,41285568;-4,141790956
Plymouth Sutton and Devonport;E14001427;PSD;England;South West;borough;73495;21,82467287;3367,518974;50,37953601;-4,140486775
Pontefract, Castleford and Knottingley;E14001428;PCK;England;Yorkshire and the Humber;county;72751;73,51828218;989,5633826;53,70001704;-1,313440249
Pontypridd;W07000106;PPD;Wales;Wales;county;73743;141,7424748;520,2604236;51,59342893;-3,369393796
Poole;E14001429;PLE;England;South West;borough;72162;40,04342465;1802,093618;50,7202948;-1,969791419
Poplar and Limehouse;E14001430;PAL;England;London;borough;75814;10,94657363;6925,82013;51,50628819;-0,022889009
Portsmouth North;E14001431;PON;England;South East;borough;71844;43,15446227;1664,810456;50,83047097;-1,077678255
Portsmouth South;E14001432;POS;England;South East;borough;74253;16,98466414;4371,767342;50,79496847;-1,08014512
Preston;E14001433;PRE;England;North West;borough;72946;41,03341731;1777,721788;53,77203349;-2,709595014
Putney;E14001434;PUT;England;London;borough;73041;14,13814413;5166,236766;51,45310886;-0,221763626
Queen's Park and Maida Vale;E14001435;QPK;England;London;borough;75256;7,616116338;9881,151582;51,53127326;-0,207637102
Rawmarsh and Conisbrough;E14001436;RAC;England;Yorkshire and the Humber;county;70272;100,5104491;699,151189;53,47525788;-1,304458377
Rayleigh and Wickford;E14001437;RAW;England;Eastern;county;76422;68,68440563;1112,654311;51,60675332;0,61164786
Reading Central;E14001438;RDG;England;South East;borough;71283;25,76780468;2766,359062;51,45960651;-0,977623732
Reading West and Mid Berkshire;E14001439;RDW;England;South East;county;69999;313,7051588;223,1362732;51,4528112;-1,158947088
Redcar;E14001440;RED;England;North East;borough;71331;82,62462063;863,3141;54,58947934;-1,102341154
Redditch;E14001441;RDC;England;West Midlands;county;69921;188,0823332;371,7574045;52,24043327;-1,997627565
Reigate;E14001442;REI;England;South East;county;76139;87,56845669;869,479752;51,27218327;-0,20320858
Rhondda and Ogmore;W07000107;RAO;Wales;Wales;county;73557;199,8309345;368,0961618;51,62337861;-3,500969174
Ribble Valley;E14001443;RIV;England;North West;county;75993;648,8935685;117,1116554;53,89160622;-2,505477721
Richmond and Northallerton;E14001444;RAN;England;Yorkshire and the Humber;county;72744;1902,197038;38,24209508;54,37543486;-1,745297265
Richmond Park;E14001445;RPK;England;London;borough;75037;36,52995555;2054,122401;51,44942493;-0,279387827
Rochdale;E14001446;RCD;England;North West;county;71697;79,71795327;899,3833516;53,63282173;-2,103448727
Rochester and Strood;E14001447;RAS;England;South East;county;72155;208,8993343;345,4056005;51,44184548;0,567954952
Romford;E14001448;RMF;England;London;borough;73730;29,74652205;2478,609092;51,59098377;0,180747194
Romsey and Southampton North;E14001449;RSO;England;South East;county;73831;535,7977428;137,7963998;51,10069552;-1,515465539
Rossendale and Darwen;E14001450;RAD;England;North West;county;74593;218,2032204;341,85105;53,6823458;-2,345916244
Rother Valley;E14001451;RHV;England;Yorkshire and the Humber;county;70184;159,4693425;440,1096718;53,37281257;-1,235318838
Rotherham;E14001452;RHM;England;Yorkshire and the Humber;borough;75345;58,38415085;1290,504339;53,4283357;-1,357010021
Rugby;E14001453;RUG;England;West Midlands;county;72603;244,627939;296,7894849;52,42448741;-1,335328747
Ruislip, Northwood and Pinner;E14001454;RNP;England;London;borough;72168;40,44981204;1784,136844;51,59777602;-0,426345894
Runcorn and Helsby;E14001455;RAH;England;North West;county;70950;203,63435;348,4186239;53,27889973;-2,759798313
Runnymede and Weybridge;E14001456;RUN;England;South East;county;73778;102,1693725;722,1146436;51,36186679;-0,46936873
Rushcliffe;E14001457;RCF;England;East Midlands;county;76171;289,7127608;262,9190367;52,87423616;-1,089740239
Rutherglen;S14000104;RGN;Scotland;Scotland;borough;71612;41,46710695;1726,959156;55,81268314;-4,135906751
Rutland and Stamford;E14001458;RUT;England;East Midlands;county;70864;960,0572818;73,8122624;52,68449397;-0,655618247
Salford;E14001459;SFD;England;North West;borough;72169;27,73477183;2602,112627;53,49797497;-2,300277538
Salisbury;E14001460;SAL;England;South West;county;70242;692,9113371;101,372277;51,05786905;-1,894607417
Scarborough and Whitby;E14001461;SAW;England;Yorkshire and the Humber;county;73862;745,9981132;99,01097428;54,38640105;-0,668177352
Scunthorpe;E14001462;SCU;England;Yorkshire and the Humber;county;74278;298,8961857;248,5076878;53,57769021;-0,60951082
Sefton Central;E14001463;SEF;England;North West;county;74746;103,8163457;719,9829612;53,5344868;-3,024182054
Selby;E14001464;SBY;England;Yorkshire and the Humber;county;74761;507,468406;147,3214867;53,76395468;-1,126531512
Sevenoaks;E14001465;SEV;England;South East;county;73684;253,8915332;290,2184216;51,31342886;0,18025936
Sheffield Brightside and Hillsborough;E14001466;SBH;England;Yorkshire and the Humber;borough;71154;28,34315997;2510,446968;53,41506411;-1,46782241
Sheffield Central;E14001467;SCE;England;Yorkshire and the Humber;borough;70453;12,67159734;5559,914674;53,37726764;-1,48705531
Sheffield Hallam;E14001468;SHA;England;Yorkshire and the Humber;county;76637;136,4299584;561,7314619;53,38169679;-1,5889926
Sheffield Heeley;E14001469;SHE;England;Yorkshire and the Humber;borough;74614;27,94047704;2670,462637;53,34972979;-1,458164388
Sheffield South East;E14001470;SSE;England;Yorkshire and the Humber;borough;76223;47,04710669;1620,142138;53,36380634;-1,386088234
Sherwood Forest;E14001471;SWF;England;East Midlands;county;76543;309,8754211;247,0121694;53,11436795;-1,07124677
Shipley;E14001472;SHY;England;Yorkshire and the Humber;county;74095;94,89701413;780,7937971;53,85027974;-1,823027923
Shrewsbury;E14001473;SHR;England;West Midlands;county;75139;333,879244;225,048431;52,70825584;-2,844654338
Sittingbourne and Sheppey;E14001474;SAS;England;South East;county;76818;206,2183251;372,5081171;51,38430794;0,772144164
Skipton and Ripon;E14001475;SAR;England;Yorkshire and the Humber;county;76758;2032,808416;37,75958393;54,08637843;-1,974695496
Sleaford and North Hykeham;E14001476;SLR;England;East Midlands;county;73380;718,8803012;102,0754079;53,10806615;-0,461695038
Slough;E14001477;SLO;England;South East;borough;75287;24,62585049;3057,234512;51,51477256;-0,605645562
Smethwick;E14001478;SMK;England;West Midlands;borough;71195;21,79096528;3267,179727;52,4859144;-1,993745655
Solihull West and Shirley;E14001479;SWS;England;West Midlands;borough;70537;39,1951309;1799,636801;52,40110486;-1,81372923
South Antrim;N05000014;SAN;Northern Ireland;Northern Ireland;county;71646;795,4942882;90,0647573;54,68804207;-6,201791498
South Basildon and East Thurrock;E14001480;SBT;England;Eastern;county;73322;134,6811756;544,4116423;51,52328113;0,426181126
South Cambridgeshire;E14001481;SCB;England;Eastern;county;75484;588,9495142;128,1671827;52,12593054;0,115493849
South Cotswolds;E14001482;SCT;England;South West;county;72865;838,3515284;86,91461461;51,6139607;-2,051992923
South Derbyshire;E14001483;SDE;England;East Midlands;county;71202;290,9201181;244,7475976;52,82203078;-1,540032031
South Devon;E14001484;SDV;England;South West;county;71691;648,8524795;110,4889051;50,36560916;-3,740506885
South Dorset;E14001485;SDS;England;South West;county;76640;367,6204336;208,475898;50,65002658;-2,211617326
South Down;N05000015;SDW;Northern Ireland;Northern Ireland;county;71772;1122,075241;63,96362506;54,23029884;-6,048330469
South East Cornwall;E14001486;SEC;England;South West;county;71734;727,5264351;98,59985362;50,43731843;-4,443482525
South Holland and The Deepings;E14001487;SHD;England;East Midlands;county;76139;844,2724853;90,18296975;52,79353939;-0,041018962
South Leicestershire;E14001488;SLE;England;East Midlands;county;75634;331,6937984;228,0235578;52,50689169;-1,177598395
South Norfolk;E14001489;SNF;England;Eastern;county;69837;523,2385497;133,4706704;52,54761142;1,33270207
South Northamptonshire;E14001490;SNH;England;East Midlands;county;76555;633,2283092;120,8963637;52,12808383;-1,005508953
South Ribble;E14001491;SRI;England;North West;county;72029;141,8401632;507,8180846;53,68654365;-2,749836293
South Shields;E14001492;SSH;England;North East;borough;69725;37,01004851;1883,947815;54,96640838;-1,409879036
South Shropshire;E14001493;SSO;England;West Midlands;county;77034;1822,686681;42,2639836;52,5006224;-2,717942476
South Suffolk;E14001494;SSF;England;Eastern;county;71070;611,6400997;116,1957825;52,05062181;0,915337303
South West Devon;E14001495;SWD;England;South West;county;75371;399,7520526;188,5443727;50,41765739;-4,009029531
South West Hertfordshire;E14001496;SWH;England;Eastern;county;71552;97,14920237;736,5165977;51,66554352;-0,460714959
South West Norfolk;E14001497;SWN;England;Eastern;county;72496;1160,870781;62,44967243;52,55729632;0,562200303
South West Wiltshire;E14001498;SWW;England;South West;county;71551;451,5909479;158,4420599;51,19119168;-2,169158342
Southampton Itchen;E14001499;SOI;England;South East;borough;72150;25,34171887;2847,083908;50,90403155;-1,370197638
Southampton Test;E14001500;SOT;England;South East;borough;69960;23,51276149;2975,405505;50,92311752;-1,429919916
Southend East and Rochford;E14001501;SER;England;Eastern;county;70094;248,4496334;282,1255924;51,57778636;0,84140519
Southend West and Leigh;E14001502;SWL;England;Eastern;borough;76824;27,47368308;2796,275977;51,5509357;0,670797718
Southgate and Wood Green;E14001503;SWG;England;London;borough;76034;24,74119221;3073,174459;51,63538302;-0,129077283
Southport;E14001504;SOP;England;North West;county;74168;186,2647239;398,1859714;53,6780968;-2,951434714
Spelthorne;E14001505;SPL;England;South East;borough;72897;51,16136261;1424,844771;51,42480253;-0,467983526
Spen Valley;E14001506;SPV;England;Yorkshire and the Humber;borough;72169;62,09888584;1162,162558;53,70910575;-1,700426341
St Albans;E14001507;STA;England;Eastern;county;70881;59,69416926;1187,402403;51,73342132;-0,326694078
St Austell and Newquay;E14001508;SNQ;England;South West;county;74585;298,7218983;249,6803898;50,36174158;-4,851036544
St Helens North;E14001509;SHN;England;North West;county;76082;83,80587111;907,8361574;53,47944269;-2,716070054
St Helens South and Whiston;E14001510;SHS;England;North West;borough;70937;54,92340363;1291,562345;53,42732637;-2,738071253
St Ives;E14001511;STV;England;South West;county;70107;592,9269384;118,2388511;50,10105287;-5,423336075
St Neots and Mid Cambridgeshire;E14001512;SNC;England;Eastern;county;74699;349,92019;213,4743925;52,24269726;-0,072704621
Stafford;E14001513;STF;England;West Midlands;county;70537;416,3188166;169,4302472;52,85074646;-2,2771659
Staffordshire Moorlands;E14001514;STM;England;West Midlands;county;70113;532,7372799;131,6089612;53,08963373;-1,979933473
Stalybridge and Hyde;E14001515;SAH;England;North West;county;73028;63,22934516;1154,970051;53,47684987;-2,032471976
Stevenage;E14001516;SVG;England;Eastern;county;70370;63,4225382;1109,542475;51,88175408;-0,194139916
Stirling and Strathallan;S14000105;STG;Scotland;Scotland;county;77008;2492,090919;30,90095928;56,24535841;-4,286321449
Stockport;E14001517;SPT;England;North West;borough;74769;25,28234299;2957,360401;53,41779758;-2,168899301
Stockton North;E14001518;SKN;England;North East;county;69779;91,96138768;758,7858531;54,6028186;-1,289705851
Stockton West;E14001519;SKW;England;North East;county;70108;194,2283098;360,9566498;54,53124244;-1,415790327
Stoke-on-Trent Central;E14001520;STC;England;West Midlands;borough;70550;36,7677865;1918,799219;53,0127317;-2,162062684
Stoke-on-Trent North;E14001521;STN;England;West Midlands;borough;69821;47,89975314;1457,648431;53,07028896;-2,20306961
Stoke-on-Trent South;E14001522;STS;England;West Midlands;county;69831;158,8252893;439,6717949;52,94732014;-2,116836109
Stone, Great Wyrley and Penkridge;E14001523;SGW;England;West Midlands;county;70701;415,0091958;170,3600805;52,76107429;-2,097497536
Stourbridge;E14001524;SBR;England;West Midlands;borough;69840;29,28473789;2384,86;52,46313569;-2,131265469
Strangford;N05000016;SGF;Northern Ireland;Northern Ireland;county;70070;786,7427038;89,06342526;54,45612448;-5,66078073
Stratford and Bow;E14001525;SAB;England;London;borough;73849;11,28968759;6541,279323;51,53957119;-0,005709473
Stratford-on-Avon;E14001526;SOA;England;West Midlands;county;72388;628,9601959;115,0915439;52,17202942;-1,72526285
Streatham and Croydon North;E14001527;SCN;England;London;borough;76050;13,77229935;5521,953746;51,41819921;-0,112828539
Stretford and Urmston;E14001528;SAU;England;North West;borough;73212;46,80608576;1564,155575;53,44634568;-2,352516062
Stroud;E14001529;STR;England;South West;county;76249;281,5941155;270,7762549;51,71063835;-2,349092324
Suffolk Coastal;E14001530;SFC;England;Eastern;county;72663;699,3214741;103,9050032;52,1796369;1,474657493
Sunderland Central;E14001531;SUN;England;North East;borough;72688;30,63132955;2372,995266;54,90320863;-1,387701489
Surrey Heath;E14001532;SRH;England;South East;county;70825;130,4832896;542,7898102;51,32503429;-0,670655532
Sussex Weald;E14001533;SXW;England;South East;county;70075;481,4062237;145,5631368;51,01078216;0,221270637
Sutton and Cheam;E14001534;SAC;England;London;borough;71284;18,2692035;3901,866876;51,36313166;-0,208947186
Sutton Coldfield;E14001535;SUT;England;West Midlands;borough;74584;57,65105667;1293,714362;52,5617201;-1,813211505
Swansea West;W07000108;SWT;Wales;Wales;county;74612;35,14276951;2123,110985;51,63970784;-3,956361663
Swindon North;E14001536;SNN;England;South West;county;72163;102,3369485;705,1509844;51,61795877;-1,750079249
Swindon South;E14001537;SNS;England;South West;borough;72468;32,66291896;2218,662701;51,55435693;-1,782640165
Tamworth;E14001538;TMW;England;West Midlands;county;73644;191,6978168;384,1671294;52,6490616;-1,737950127
Tatton;E14001539;TAT;England;North West;county;75538;361,8101294;208,7780133;53,30219088;-2,407452078
Taunton and Wellington;E14001540;TAW;England;South West;county;76049;287,7741467;264,2662688;50,99317351;-3,091125854
Telford;E14001541;TFD;England;West Midlands;borough;70768;51,5054335;1373,99096;52,66544387;-2,455182344
Tewkesbury;E14001542;TEW;England;South West;county;72426;321,8198066;225,0514061;51,96106369;-2,048374328
The Wrekin;E14001543;WRK;England;West Midlands;county;76143;506,8967382;150,2140264;52,76067593;-2,471205415
Thirsk and Malton;E14001544;TAM;England;Yorkshire and the Humber;county;76623;1986,134566;38,57895699;54,21845859;-0,947365176
Thornbury and Yate;E14001545;TAY;England;South West;county;74935;457,3781346;163,8359911;51,55750612;-2,463201279
Thurrock;E14001546;THK;England;Eastern;borough;73347;71,34053975;1028,125106;51,49052865;0,303085603
Tipton and Wednesbury;E14001547;TIP;England;West Midlands;borough;73820;27,45247784;2689,010458;52,54217548;-2,034088431
Tiverton and Minehead;E14001548;TIV;England;South West;county;70829;1300,801012;54,45029589;51,06462651;-3,439134344
Tonbridge;E14001549;TON;England;South East;county;73692;302,9372192;243,2583233;51,23911349;0,25358034
Tooting;E14001550;TOO;England;London;borough;76986;11,23637289;6851,49921;51,43677148;-0,165490928
Torbay;E14001551;TRB;England;South West;borough;75742;92,56934125;818,2190667;50,45001823;-3,520666436
Torfaen;W07000109;TOR;Wales;Wales;county;70591;126,2399289;559,1812403;51,69858737;-3,053426953
Torridge and Tavistock;E14001552;TAV;England;South West;county;74802;1644,173964;45,4951858;50,77795808;-4,189431387
Tottenham;E14001553;TOT;England;London;borough;75968;11,93018604;6367,712936;51,58917617;-0,075778962
Truro and Falmouth;E14001554;TRF;England;South West;county;73326;444,4576448;164,9786;50,27001073;-5,023241447
Tunbridge Wells;E14001555;TNW;England;South East;county;75213;248,0694349;303,1933379;51,12016807;0,38615568
Twickenham;E14001556;TWI;England;London;borough;75889;27,77765885;2732,015697;51,42778487;-0,343958839
Tynemouth;E14001557;TYN;England;North East;borough;73022;35,08657863;2081,194658;55,02838093;-1,465763269
Upper Bann;N05000017;UBN;Northern Ireland;Northern Ireland;county;76969;381,776876;201,6072864;54,43907908;-6,428085688
Uxbridge and South Ruislip;E14001558;UXB;England;London;borough;75042;40,37585525;1858,586017;51,5515903;-0,450853887
Vale of Glamorgan;W07000110;VOG;Wales;Wales;county;70426;302,0648446;233,1486145;51,44628942;-3,422661683
Vauxhall and Camberwell Green;E14001559;VCG;England;London;borough;69995;7,684489022;9108,608237;51,48516186;-0,111948732
Wakefield and Rothwell;E14001560;WKF;England;Yorkshire and the Humber;borough;73968;60,66548477;1219,276501;53,71274296;-1,489363266
Wallasey;E14001561;WLL;England;North West;borough;73054;38,83941889;1880,924125;53,41786165;-3,080264982
Walsall and Bloxwich;E14001562;WAB;England;West Midlands;borough;74866;32,05076543;2335,85685;52,59526707;-1,987641388
Walthamstow;E14001563;WHW;England;London;borough;70867;16,18094513;4379,657643;51,58508917;-0,027794124
Warrington North;E14001564;WAN;England;North West;county;72350;91,28405452;792,5809209;53,42693251;-2,551186687
Warrington South;E14001565;WAS;England;North West;county;76639;74,24357941;1032,264347;53,36880379;-2,599512372
Warwick and Leamington;E14001566;WKL;England;West Midlands;county;75440;89,39508979;843,8942248;52,28279005;-1,516440751
Washington and Gateshead South;E14001567;WGS;England;North East;borough;71775;69,79125195;1028,424022;54,90804591;-1,552601317
Watford;E14001568;WAT;England;Eastern;borough;70576;24,40773268;2891,542648;51,66723193;-0,400021307
Waveney Valley;E14001569;WAV;England;Eastern;county;70540;988,9201565;71,33032888;52,36271946;1,238507477
Weald of Kent;E14001570;WKT;England;South East;county;70110;763,0899828;91,87645177;51,13859273;0,6972873
Wellingborough and Rushden;E14001571;WBR;England;East Midlands;county;76669;91,59492948;837,0441512;52,30334619;-0,630327157
Wells and Mendip Hills;E14001572;WEL;England;South West;county;69843;672,909318;103,7925886;51,24609011;-2,771562546
Welwyn Hatfield;E14001573;WHT;England;Eastern;county;74535;107,9343719;690,5585191;51,77756681;-0,206355057
West Aberdeenshire and Kincardine;S14000111;WAK;Scotland;Scotland;county;73634;3271,901009;22,50495959;57,04152316;-2,859140646
West Bromwich;E14001574;WBW;England;West Midlands;borough;72206;35,36754039;2041,589525;52,52077349;-1,998576939
West Dorset;E14001575;WDS;England;South West;county;75390;1010,873461;74,57906742;50,79423605;-2,593997079
West Dunbartonshire;S14000106;WDB;Scotland;Scotland;county;70286;183,4114298;383,2149396;55,98456557;-4,517110446
West Ham and Beckton;E14001576;WHB;England;London;borough;70590;21,08042231;3348,604642;51,51525584;0,041570409
West Lancashire;E14001577;WLA;England;North West;county;73652;262,3559026;280,733154;53,57329332;-2,866826423
West Suffolk;E14001578;WSF;England;Eastern;county;76243;761,8868327;100,0712924;52,26783704;0,558017407
West Tyrone;N05000018;WTY;Northern Ireland;Northern Ireland;county;70614;2119,505232;33,31626595;54,67045172;-7,325184051
West Worcestershire;E14001579;WWR;England;West Midlands;county;76638;705,2888964;108,6618553;52,16059423;-2,293459191
Westmorland and Lonsdale;E14001580;WAL;England;North West;county;72322;2536,443911;28,51314775;54,45290225;-2,730284833
Weston-super-Mare;E14001581;WSM;England;South West;county;70722;73,6919117;959,6982677;51,34789837;-2,947210867
Wetherby and Easingwold;E14001582;WAE;England;Yorkshire and the Humber;county;71455;941,8436573;75,86715634;54,00415844;-1,291397253
Whitehaven and Workington;E14001583;WAW;England;North West;county;73385;550,3144311;133,3510369;54,51287499;-3,443035035
Widnes and Halewood;E14001584;WAH;England;North West;county;70865;70,99424663;998,1794774;53,36661028;-2,778648353
Wigan;E14001585;WGN;England;North West;county;75607;60,50902836;1249,516015;53,56676985;-2,643332407
Wimbledon;E14001586;WIM;England;London;borough;74641;22,91219958;3257,696832;51,41373759;-0,224310179
Winchester;E14001587;WIN;England;South East;county;76577;572,8716901;133,6721666;51,0487163;-1,231667832
Windsor;E14001588;WND;England;South East;county;74338;110,9602316;669,9517381;51,44478158;-0,59870381
Wirral West;E14001589;WIR;England;North West;county;72126;148,4160464;485,9717108;53,35979216;-3,136552987
Witham;E14001590;WTM;England;Eastern;county;75064;436,9937691;171,7736163;51,82172691;0,710188855
Witney;E14001591;WIT;England;South East;county;70042;557,7406523;125,5816654;51,72860647;-1,555933825
Woking;E14001592;WOK;England;South East;borough;71737;63,60360392;1127,87634;51,31387862;-0,560770105
Wokingham;E14001593;WKM;England;South East;county;70235;138,344019;507,6836751;51,42922956;-0,868711514
Wolverhampton North East;E14001594;WNE;England;West Midlands;borough;70449;27,04994553;2604,404505;52,60869649;-2,085317181
Wolverhampton South East;E14001595;WSE;England;West Midlands;borough;75685;30,73296579;2462,665026;52,57196515;-2,069488246
Wolverhampton West;E14001596;WWE;England;West Midlands;borough;75592;30,34680014;2490,938078;52,58754875;-2,155095529
Worcester;E14001597;WOR;England;West Midlands;borough;73928;33,27812499;2221,519392;52,19669266;-2,211324212
Worsley and Eccles;E14001598;WSL;England;North West;county;76915;71,48807558;1075,913701;53,47835504;-2,416958946
Worthing West;E14001599;WRH;England;South East;county;76293;75,87080432;1005,564666;50,84412697;-0,439113399
Wrexham;W07000111;WRE;Wales;Wales;county;70964;293,0113113;242,1886025;53,01976651;-2,91916503
Wycombe;E14001600;WYC;England;South East;county;71769;141,0470661;508,8301514;51,60800385;-0,8298152
Wyre Forest;E14001601;WYF;England;West Midlands;county;77015;195,4037195;394,1327227;52,37957653;-2,274666935
Wythenshawe and Sale East;E14001602;WYT;England;North West;borough;76971;36,54467703;2106,216452;53,39250068;-2,28147311
Yeovil;E14001603;YEO;England;South West;county;76056;335,5523327;226,6591306;50,90657576;-2,846172761
Ynys Môn;W07000112;YNM;Wales;Wales;county;52415;749,0227194;69,97785066;53,28569244;-4,374343109
York Central;E14001604;YOC;England;Yorkshire and the Humber;borough;74854;25,17877134;2972,901219;53,95584825;-1,087725903
York Outer;E14001605;YOO;England;Yorkshire and the Humber;county;72720;246,8360444;294,608513;53,95901318;-1,058769412